{"cameraMode":{"drawMode":0,"name":"Shaded","section":"Shading Mode"},"sceneLighting":true,"audioPlay":false,"sceneViewState":{"m_AlwaysRefresh":false,"showFog":true,"showSkybox":true,"showFlares":true,"showImageEffects":true,"showParticleSystems":true,"showVisualEffectGraphs":true,"m_FxEnabled":true},"in2DMode":false,"pivot":{"x":13.880766868591309,"y":-28.171720504760743,"z":43.24620819091797},"rotation":{"x":0.2435859590768814,"y":0.009987193159759045,"z":-0.0024850410409271719,"w":0.9698172807693481},"size":53.01601791381836,"orthographic":false}